id,title,image,source,matched_product,status
70,BTS - Proof [Anthology],https://cdn.shopify.com/s/files/1/0469/3927/5428/products/bts-proof-nolae-493092.webp?v=1651731585,https://nolae.eu/products/bts-proof,BTS - [Proof],matched
71,BTS - MAP OF THE SOUL : 7 [Album],https://cdn.shopify.com/s/files/1/0469/3927/5428/products/bts-map-of-the-soul-7-624284.jpg?v=1616539684,https://nolae.eu/products/bts-map-of-the-soul-7,BTS - MAP OF THE SOUL : 7,matched
72,Stray Kids - ROCK-STAR [Album],https://cdn.shopify.com/s/files/1/0469/3927/5428/files/stray-kids-rock-star-le-star-nolae-660248.jpg?v=1699276644,https://nolae.eu/products/stray-kids-%E6%A8%82-star-1,Stray Kids - ROCK-STAR (樂-STAR),matched
73,Stray Kids - 5-STAR [Album],https://cdn.shopify.com/s/files/1/0469/3927/5428/products/stray-kids-5-star-3rd-full-album-nolae-892246.jpg?v=1684413466,https://nolae.eu/products/stray-kids-5-star-3rd-full-album,STRAY KIDS - 5 STAR ★★★★★,matched
74,SEVENTEEN - FML [10th Mini Album],https://cdn.shopify.com/s/files/1/0469/3927/5428/products/seventeen-fml-10th-mini-album-photobook-ver-nolae-552936.jpg?v=1684514342,https://nolae.eu/products/seventeen-fml-10th-mini-album-photobook-ver,SEVENTEEN - 'FML' (10th Mini Album) Photobook Ver.,matched
75,SEVENTEEN - Face the Sun [4th Album],https://cdn.shopify.com/s/files/1/0469/3927/5428/products/seventeen-face-the-sun-nolae-276335.webp?v=1653044268,https://nolae.eu/products/seventeen-face-the-sun,SEVENTEEN - FACE THE SUN,matched
76,ATEEZ - THE WORLD EP.FIN : WILL [Album],https://cdn.shopify.com/s/files/1/0469/3927/5428/products/ateez-the-world-epfin-will-2nd-full-album-nolae-854422.webp?v=1698224683,https://nolae.eu/products/ateez-the-world-ep-fin-will-2nd-full-album,ATEEZ - THE WORLD EP.FIN : WILL (2ND FULL ALBUM),matched
77,ATEEZ - GOLDEN HOUR : Part.1 [Mini Album],https://cdn.shopify.com/s/files/1/0469/3927/5428/files/GMB2ZkSb0AAMZpZ.jpg?v=1714110355,https://nolae.eu/products/ateez-golden-hour-part-1-10th-mini-album,ATEEZ - GOLDEN HOUR : PART 1 (10TH MINI ALBUM),matched
78,TWICE - Between 1&2 [11th Mini Album],https://cdn.shopify.com/s/files/1/0469/3927/5428/products/twice-between-12-11th-mini-album-nolae-869006.webp?v=1658832207,https://nolae.eu/products/twice-between-1-2-11th-mini-album,TWICE - BETWEEN 1&2 (11TH MINI ALBUM),matched
79,TWICE - Formula of Love [3rd Album],https://cdn.shopify.com/s/files/1/0469/3927/5428/products/twice-formula-of-love-ot3-vol-3-nolae-710285.jpg?v=1634030360,https://nolae.eu/products/twice-formula-of-love-o-t-3-vol-3,TWICE - [Formula of Love: O+T=<3] (Vol. 3),matched
80,NCT 127 - 2 Baddies [4th Album],https://cdn.shopify.com/s/files/1/0469/3927/5428/products/nct-127-2-baddies-4th-full-album-nolae-450164.webp?v=1660903606,https://nolae.eu/products/nct-127-2-baddies-4th-full-album,NCT 127 - 2 Baddies (4th Full Album),matched
81,NCT DREAM - ISTJ [3rd Album],https://cdn.shopify.com/s/files/1/0469/3927/5428/products/nct-dream-istj-photobook-ver-nolae-377988.jpg?v=1689757934,https://nolae.eu/products/nct-dream-istj-photobook-ver,NCT DREAM - ISTJ (Photobook Ver.),matched
82,Red Velvet - Chill Kill [3rd Album],https://cdn.shopify.com/s/files/1/0469/3927/5428/files/red-velvet-chill-kill-3rd-full-album-photo-book-ver-nolae-190604.jpg?v=1699276467,https://nolae.eu/products/red-velvet-what-a-chill-kill-3rd-full-album-photo-book-ver,RED VELVET - CHILL KILL (3RD FULL ALBUM) PHOTO BOOK VER.,matched
83,ITZY - Born to Be [Album],https://cdn.shopify.com/s/files/1/0469/3927/5428/files/itzy-born-to-be-standard-ver-nolae-805841.jpg?v=1703166456,https://nolae.eu/products/itzy-born-to-be-standard-ver,ITZY - BORN TO BE (STANDARD VER.),matched
84,(G)I-DLE - 2 [2nd Album],https://cdn.shopify.com/s/files/1/0469/3927/5428/files/gi-dle-2-2nd-full-album-nolae-806138.jpg?v=1704927790,https://nolae.eu/products/gi-dle-2-2nd-full-album,(G)I-DLE - 2 (2ND FULL ALBUM),matched
85,LE SSERAFIM - UNFORGIVEN [1st Album],https://cdn.shopify.com/s/files/1/0469/3927/5428/products/le-sserafim-unforgiven-1st-studio-album-nolae-126482.jpg?v=1681816589,https://nolae.eu/products/le-sserafim-unforgiven-1st-studio-album,LE SSERAFIM - UNFORGIVEN (1st Studio Album),matched
86,LE SSERAFIM - EASY [4th Mini Album],https://cdn.shopify.com/s/files/1/0469/3927/5428/files/le-sserafim-easy-3rd-mini-album-nolae-876796.jpg?v=1707139319,https://nolae.eu/products/le-sserafim-easy-3rd-mini-album,LE SSERAFIM - EASY (3RD MINI ALBUM),matched
87,aespa - Armageddon [2nd Album],https://cdn.shopify.com/s/files/1/0469/3927/5428/files/ImageViewerEShop_1_0f1690f8-4ea9-40e9-8caf-39058c0f7259.jpg?v=1716545153,https://nolae.eu/products/aespa-armageddon-the-1st-album-zine-ver,AESPA - ARMAGEDDON (THE 1ST ALBUM) ZINE VER.,matched
88,aespa - Drama [4th Mini Album],https://cdn.shopify.com/s/files/1/0469/3927/5428/files/aespa-drama-4th-mini-album-giant-ver-nolae-630343.jpg?v=1699276838,https://nolae.eu/products/aespa-drama-4th-mini-album-giant-ver,AESPA - DRAMA (4TH MINI ALBUM) GIANT VER.,matched
89,NewJeans - OMG [1st Single],https://cdn.shopify.com/s/files/1/0469/3927/5428/products/newjeans-omg-message-card-album-nolae-547681.webp?v=1671561563,https://nolae.eu/products/newjeans-omg-message-card-album,NewJeans - OMG (Message Card Album),matched
90,NewJeans - How Sweet [Single],https://cdn.shopify.com/s/files/1/0469/3927/5428/files/newjeans-how-sweet-nolae-861541.webp?v=1714126424,https://nolae.eu/products/newjeans-how-sweet,NEWJEANS - HOW SWEET,matched
91,IVE - After LIKE [Single],https://cdn.shopify.com/s/files/1/0469/3927/5428/products/ive-after-like-photo-book-ver-3rd-single-album-nolae-396280.jpg?v=1697558215,https://nolae.eu/products/ive-after-like-photo-book-ver-3rd-single-album,IVE - AFTER LIKE (PHOTO BOOK VER.) 3RD SINGLE ALBUM,matched
92,IVE - IVE SWITCH [3rd Mini Album],https://cdn.shopify.com/s/files/1/0469/3927/5428/files/ive-ive-switch-the-2nd-ep-nolae-755620.jpg?v=1713391820,https://nolae.eu/products/ive-the-2nd-ep-ive-switch-random-ver,IVE - IVE SWITCH (THE 2ND EP),matched
93,ENHYPEN - ORANGE BLOOD [5th Mini Album],https://cdn.shopify.com/s/files/1/0469/3927/5428/products/enhypen-orange-blood-5th-mini-album-standard-ver-nolae-507025.jpg?v=1697442369,https://nolae.eu/products/enhypen-orange-blood-5th-mini-album-standard-ver,ENHYPEN - ORANGE BLOOD (5TH MINI ALBUM) STANDARD VER.,matched
94,ENHYPEN - DARK BLOOD [Mini Album],https://cdn.shopify.com/s/files/1/0469/3927/5428/products/enhypen-dark-blood-nolae-129563.webp?v=1682321928,https://nolae.eu/products/enhypen-dark-blood-random-ver,ENHYPEN - DARK BLOOD,matched
95,TXT - minisode 3 : TOMORROW [Mini Album],https://cdn.shopify.com/s/files/1/0469/3927/5428/files/txt-tomorrow-x-together-minisode-3-tomorrow-standard-ver-nolae-920755.webp?v=1709544395,https://nolae.eu/products/txt-minisode-3-tomorrow-standard-ver,TXT - MINISODE 3 : TOMORROW (STANDARD VER.),matched
96,TXT - The Star Chapter : SANCTUARY [Album],https://cdn.shopify.com/s/files/1/0469/3927/5428/files/txt-sanctuary-nolae-902135.webp?v=1732315293,https://nolae.eu/products/tomorrow-x-together-txt-sanctuary,TXT - SANCTUARY,matched
97,TREASURE - REBOOT [2nd Full Album],https://cdn.shopify.com/s/files/1/0469/3927/5428/products/treasure-reboot-2nd-full-album-photobook-ver-nolae-827989.jpg?v=1688452100,https://nolae.eu/products/treasure-reboot-2nd-full-album-photobook-ver,TREASURE - REBOOT (2ND FULL ALBUM) PHOTOBOOK Ver.,matched
98,BABYMONSTER - DRIP [1st Full Album],https://cdn.shopify.com/s/files/1/0469/3927/5428/files/babymonster-drip-nolae-425758.webp?v=1742307553,https://nolae.eu/products/babymonster-drip,BABYMONSTER - DRIP,matched
99,ZEROBASEONE - MELTING POINT [3rd Mini Album],https://cdn.shopify.com/s/files/1/0469/3927/5428/products/zerobaseone-melting-point-2nd-mini-album-nolae-354228.webp?v=1697544303,https://nolae.eu/products/zerobaseone-melting-point-2nd-mini-album,ZEROBASEONE - MELTING POINT (2nd Mini ALBUM),matched
100,BOYNEXTDOOR - HOW? [2nd EP],https://cdn.shopify.com/s/files/1/0469/3927/5428/files/boynextdoor-how-2nd-ep-nolae-260735.jpg?v=1712668477,https://nolae.eu/products/boynextdoor-how-2nd-ep,BOYNEXTDOOR - HOW? (2ND EP),matched
101,RIIZE - Get a Guitar [Single],https://cdn.shopify.com/s/files/1/0469/3927/5428/products/riize-get-a-guitar-1st-single-album-nolae-783023.jpg?v=1692871426,https://nolae.eu/products/riize-get-a-guitar-1st-single-album,RIIZE - GET A GUITAR,matched
102,KISS OF LIFE - Lose Yourself [3rd Mini Album],https://cdn.shopify.com/s/files/1/0469/3927/5428/files/kiss-of-life-lose-yourself-magazine-ver-nolae-313638.jpg?v=1727729675,https://nolae.eu/products/kiss-of-life-lose-yourself-magazine-ver,KISS OF LIFE - LOSE YOURSELF (MAGAZINE VER.),matched
103,Kep1er - Kep1going [Mini Album],https://kep1er.jp/wp-content/uploads/2023/11/%E7%94%BB%E5%83%8F26.png,https://kep1er.jp/discography/kep1going%E3%80%90%E9%80%9A%E5%B8%B8%E7%9B%A4-cd%E3%80%91/,Kep1going (Regular CD),matched
104,P1Harmony - Killin' It [Mini Album],https://cdn.shopify.com/s/files/1/0469/3927/5428/files/p1harmony-killin-it-1st-full-album-nolae-846517.jpg?v=1706717476,https://nolae.eu/products/p1harmony-killin-it-1st-full-album,P1HARMONY - KILLIN IT (1ST FULL ALBUM),matched
105,Jungkook - GOLDEN [Solo Album],https://cdn.shopify.com/s/files/1/0469/3927/5428/products/jungkook-bts-golden-1st-solo-album-nolae-949484.jpg?v=1696405462,https://nolae.eu/products/jungkook-bts-golden,JUNGKOOK (BTS) - GOLDEN (1ST SOLO ALBUM),matched
106,Jimin - FACE [Solo Album],https://cdn.shopify.com/s/files/1/0469/3927/5428/products/bts-jimin-face-1st-solo-album-standard-ver-nolae-351179.webp?v=1703843264,https://nolae.eu/products/bts-jimin-face-1st-solo-album-standard-ver,BTS JIMIN - FACE (1ST SOLO ALBUM) Standard Ver.,matched
107,SHINee - HARD [8th Album],https://cdn.shopify.com/s/files/1/0469/3927/5428/products/shinee-hard-photobook-ver-nolae-866319.jpg?v=1687437988,https://nolae.eu/products/shinee-hard-photobook-ver,SHINee - HARD (Photobook Ver.),matched
108,EXO - EXIST [Album],https://cdn.shopify.com/s/files/1/0469/3927/5428/products/exo-exist-photo-book-ver-nolae-912992.webp?v=1688466288,https://nolae.eu/products/exo-exist-photo-book-ver,EXO - EXIST (PHOTO BOOK VER.),matched
109,MONSTA X - Shape of Love [Album],https://cdn.shopify.com/s/files/1/0469/3927/5428/products/monsta-x-shape-of-love-11th-mini-album-nolae-812705.webp?v=1648125301,https://nolae.eu/products/monsta-x-shape-of-love-11th-mini-album,MONSTA X - [SHAPE OF LOVE] (11th Mini Album),matched
110,BTS - Photocard Binder [Official MD],https://cdn.shopify.com/s/files/1/0469/3927/5428/products/bts-dicon-photocard-101-custom-book-nolae-958451.jpg?v=1640284384,https://nolae.eu/products/bts-dicon-photocard-101-custom-book,BTS - D'ICON Photocard 101: Custom Book,matched
111,Stray Kids - Acrylic Stand [Official MD],https://cdn.shopify.com/s/files/1/0469/3927/5428/files/stray-kids-skz-5clock-md-nolae-549961.jpg?v=1738741306,https://nolae.eu/products/stray-kids-secret-acrylic-stand-skz-5clock-md,STRAY KIDS - SECRET ACRYLIC STAND (SKZ 5'CLOCK MD),matched
112,SEVENTEEN - Keyring [Official MD],https://cdn.shopify.com/s/files/1/0469/3927/5428/files/seventeen-official-light-stick-ver3-keyring-nolae-354286.jpg?v=1724409716,https://nolae.eu/products/seventeen-official-light-stick-ver-3-keyring,SEVENTEEN - Official Light Stick Ver.3 Keyring,matched
113,ATEEZ - Hoodie [Official MD],https://cdn.shopify.com/s/files/1/0469/3927/5428/files/ateez-t-shirt-hoodie-2025-ateez-world-tour-in-europe-md-nolae-290996.jpg?v=1742479515,https://nolae.eu/products/ateez-t-shirt-hoodie-2025-ateez-world-tour-md,ATEEZ - T-SHIRT & HOODIE ('2025 ATEEZ WORLD TOUR IN EUROPE' MD) / TOUR HOODIE / M,matched
114,TWICE - T-Shirt [Official MD],https://cdn.shopify.com/s/files/1/0469/3927/5428/files/twice-t-shirt-2026-this-is-for-world-tour-finale-in-seoul-md-nolae-745450.jpg?v=1784657125,https://nolae.eu/products/twice-2026-this-is-for-world-tour-finale-in-seoul-md-2,TWICE - T-SHIRT (2026 THIS IS FOR WORLD TOUR FINALE IN SEOUL MD),matched
115,NCT 127 - Tote Bag [Official MD],https://cdn.shopify.com/s/files/1/0469/3927/5428/files/nct-127-2026-neo-city-seoul-the-redline-concert-md-nolae-582229.jpg?v=1789663896,https://nolae.eu/products/nct-127-2026-neo-city-seoul-the-redline-concert-md,NCT 127 - 2026 'NEO CITY SEOUL : THE REDLINE' CONCERT MD / BIG TOTE BAG SET / HAECHAN,matched
116,NCT DREAM - Sticker Pack [Official MD],https://cdn.shopify.com/s/files/1/0469/3927/5428/products/nct-dream-candy-deco-sticker-set-nolae-601138.jpg?v=1672399290,https://nolae.eu/products/nct-dream-candy-deco-sticker-set,NCT DREAM - [Candy] DECO STICKER SET,matched
117,Red Velvet - Plush Doll [Official MD],https://cdn.shopify.com/s/files/1/0469/3927/5428/files/red-velvet-summer-mini-album-velvet-summer-md-lying-doll-nolae-803952.jpg?v=1786388553,https://nolae.eu/products/red-velvet-summer-mini-album-velvet-summer-md-lying-doll,RED VELVET - Summer Mini Album [Velvet Summer] MD: LYING DOLL,matched
118,ITZY - Slogan Towel [Official MD],https://cdn.shopify.com/s/files/1/0537/6835/6036/files/01_1bc9da81-ee57-4446-ac3d-639857c93f82.jpg?v=1774937752,https://jypj-store.com/products/iz26-tnl-0038,MUFFLER TOWEL / ITZY『TUNNEL VISION』,matched
119,(G)I-DLE - Mug [Official MD],./img/product-unavailable.svg,,,unverified - image unavailable
120,LE SSERAFIM - Photocard Binder [Official MD],https://cdn-contents.weverseshop.io/public/shop/e9b6b156c1b447b866e054b376328986.png,https://shop.weverse.io/en/shop/USD/artists/50/sales/64835,LE SSERAFIM - Photocard Binder [Official MD],matched
121,aespa - Acrylic Stand [Official MD],https://cdn.shopify.com/s/files/1/0625/2498/1348/files/Thumbnails_Details-1.jpg?v=1731466845,https://global.shop.smtown.com/products/diy-acrylic-stand-set-aespa-4th-anniversary-md,DIY ACRYLIC STAND SET - aespa 4th Anniversary MD,matched
122,NewJeans - Keyring [Official MD],https://cdn.shopify.com/s/files/1/0469/3927/5428/products/newjeans-fluffy-keyring-nolae-115454.webp?v=1702993595,https://nolae.eu/products/newjeans-fluffy-keyring,NewJeans - [FLUFFY KEYRING],matched
123,IVE - Hoodie [Official MD],https://starship-square.com/web/product/big/202510/c26b5a50fa0664335080ee909f86a10f.jpg,https://starship-square.com/product/detail.html?product_no=1799,IVE WORLD TOUR SHOW WHAT I AM - HOODIE ZIP UP,matched
124,ENHYPEN - T-Shirt [Official MD],https://cdn.shopify.com/s/files/1/0469/3927/5428/files/enhypen-t-shirt-brand-renewal-official-md-nolae-454282.jpg?v=1788512127,https://nolae.eu/products/enhypen-t-shirt-brand-renewal-official-md,ENHYPEN - T-SHIRT (BRAND RENEWAL OFFICIAL MD),matched
125,TXT - Tote Bag [Official MD],https://cdn-contents.weverseshop.io/public/shop/d857768fb8bad83c594e3bccd7e4a6f7.jpg,https://shop.weverse.io/en/shop/USD/artists/3/sales/61323,TXT - Tote Bag [Official MD],matched
126,TREASURE - Sticker Pack [Official MD],https://cdn.shopify.com/s/files/1/0469/3927/5428/files/treasure-funnytreasures2-official-md-nolae-777910.jpg?v=1707819607,https://nolae.eu/products/treasure-funnytreasures2-official-md,TREASURE - FUNNYTREASURES2 OFFICIAL MD / TIN CASE STICKER PACK,matched
127,BABYMONSTER - Plush Doll [Official MD],./img/product-unavailable.svg,,,unverified - image unavailable
128,ZEROBASEONE - Slogan Towel [Official MD],./img/product-unavailable.svg,,,unverified - image unavailable
129,BOYNEXTDOOR - Mug [Official MD],./img/product-unavailable.svg,,,unverified - image unavailable
130,RIIZE - Photocard Binder [Official MD],https://cdn.shopify.com/s/files/1/0625/2498/1348/files/07_b06ddd69-f3e9-4af7-a163-7128be126b2a.jpg?v=1772645538,https://global.shop.smtown.com/products/binder-set-2026-riize-riizing-loud-concert-seoul,BINDER SET - 2026 RIIZE CONCERT TOUR RIIZING LOUD FINALE IN SEOUL MD,matched
131,KISS OF LIFE - Acrylic Stand [Official MD],https://cdn.shopify.com/s/files/1/0469/3927/5428/files/1000006314_detail_043__91479.jpg?v=1716533693,https://nolae.eu/products/kiss-of-life-2024-fan-con-key-of-factory-md,KISS OF LIFE - 2024 FAN-CON 'KEY OF FACTORY' MD / ACRYLIC KIT / JULIE,matched
132,Kep1er - Keyring [Official MD],https://cdn.shopify.com/s/files/1/0469/3927/5428/files/kep1er-plush-doll-keyring-kep1er-charater-kep1e-md-nolae-923357.jpg?v=1750432211,https://nolae.eu/products/kep1er-plush-doll-keyring-kep1er-charater-kep1e-md,KEP1ER - PLUSH DOLL KEYRING (KEP1ER CHARACTER [KEP1E] MD),matched
133,P1Harmony - Hoodie [Official MD],https://imusic.b-cdn.net/images/item/original/242/9951161790242.jpg?p1harmony-2026-live-tour-2026-p1ustage-h-most-wanted-official-md-hoodie&class=scaled&v=1787129120,https://imusic.com/merchandise/9951161790242/p1harmony-2026-live-tour-2026-p1ustage-h-most-wanted-official-md-hoodie,P1Harmony - Hoodie [Official MD],matched
134,SHINee - T-Shirt [Official MD],https://cdn.shopify.com/s/files/1/0469/3927/5428/files/shinee-2026-shinee-world-viii-the-invert-md-2-nolae-950575.webp?v=1780586996,https://nolae.eu/products/shinee-2026-shinee-world-viii-the-invert-md-member-selection,SHINee - 2026 SHINee WORLD VIII : [THE INVERT] MD 2 / T-SHIRT SET / Onew,matched
135,EXO - Tote Bag [Official MD],https://img.imageimg.net/artist/exo/img/goods_item_sub_1045459_ce92c.jpg,https://exo-jp.net/en/goods/item.php?id=1017590,EXO tote bag (with fan pocket),matched
136,MONSTA X - Sticker Pack [Official MD],./img/product-unavailable.svg,,,unverified - image unavailable
137,BLACKPINK - Plush Doll [Official MD],https://en.ygselect.com/web/product/big/202603/67b95dea5ae8ed73c5ee12cbc9e760da.png,https://en.ygselect.com/product/bpcollection-blackpink-character-plush-doll/12891/,BLACKPINK - Plush Doll [Official MD],matched
138,Jungkook - Slogan Towel [Official MD],./img/product-unavailable.svg,,,unverified - image unavailable
139,Jimin - Mug [Official MD],./img/product-unavailable.svg,,,unverified - image unavailable
140,EXO - Official Light Stick Ver. 3,https://cdn.shopify.com/s/files/1/0469/3927/5428/products/exo-official-fanlight-ver30-lightstick-mit-fotokarte-622025.jpg?v=1616533342,https://nolae.eu/products/exo-official-fanlight-ver-3-0-incl-photocard,EXO - OFFICIAL FANLIGHT VER.3.0 - Lightstick with photo card,matched
141,SHINee - Official Light Stick,https://cdn.shopify.com/s/files/1/0469/3927/5428/products/shinee-official-light-stick-361222.jpg?v=1616538341,https://nolae.eu/products/shinee-official-light-stick,SHINEE - Official Light Stick,matched
142,Red Velvet - Official Light Stick,https://cdn.shopify.com/s/files/1/0469/3927/5428/products/red-velvet-official-light-stick-463449.jpg?v=1627927502,https://nolae.eu/products/red-velvet-official-light-stick,Red Velvet - Official Light Stick,matched
143,MONSTA X - Official Light Stick,https://cdn.shopify.com/s/files/1/0469/3927/5428/products/monsta-x-official-light-stick-ver3-nolae-557262.webp?v=1695818554,https://nolae.eu/products/monstax-official-light-stick-ver-3,MONSTA X - OFFICIAL LIGHT STICK VER.3,matched
144,ITZY - Official Light Stick,https://cdn.shopify.com/s/files/1/0469/3927/5428/products/itzy-official-light-ring-906961.jpg?v=1701252107,https://nolae.eu/products/itzy-official-light-ring,ITZY - OFFICIAL LIGHT RING,matched
145,Girls' Generation - Official Light Stick,https://cdn.shopify.com/s/files/1/0469/3927/5428/products/girls-generation-official-light-stick-702695.jpg?v=1616538118,https://nolae.eu/products/girls-generation-official-light-stick,GIRLS' GENERATION - Official Light Stick,matched
146,Super Junior - Official Light Stick,https://cdn.shopify.com/s/files/1/0469/3927/5428/files/super-junior-offizieller-light-stick-ver-20-nolae-371599.jpg?v=1708524166,https://nolae.eu/products/super-junior-offizieller-light-stick-ver-2-0,SUPER JUNIOR - OFFICIAL LIGHT STICK VER. 2.0,matched
147,BIGBANG - Official Light Stick,https://cdn.shopify.com/s/files/1/0469/3927/5428/files/bigbang-official-light-stick-v4-nolae-200388.webp?v=1742828157,https://nolae.eu/products/bigbang-official-light-stick-v-4,BIGBANG - OFFICIAL LIGHT STICK V.4,matched
148,2NE1 - Official Light Stick,https://cdn.shopify.com/s/files/1/0469/3927/5428/files/2ne1-official-light-stick-nolae-865217.webp?v=1743539885,https://nolae.eu/products/2ne1-official-light-stick,2NE1 - OFFICIAL LIGHT STICK,matched
149,MAMAMOO - Official Light Stick,https://cdn.shopify.com/s/files/1/0469/3927/5428/files/mamamoo-official-light-stick-ver-26-nolae-842434.jpg?v=1743689488,https://nolae.eu/products/mamamoo-official-light-stick-ver-2-6,MAMAMOO - OFFICIAL LIGHT STICK VER. 2.6,matched
150,GOT7 - Official Light Stick,https://cdn.shopify.com/s/files/1/0469/3927/5428/products/got7-official-lightstick-ver3-nolae-131610.jpg?v=1694006008,https://nolae.eu/products/got7-official-lightstick-ver-3,GOT7 - Official Lightstick Ver.3,matched
151,Kep1er - Official Light Stick,https://cdn.shopify.com/s/files/1/0469/3927/5428/products/kep1er-official-light-stick-nolae-894244.webp?v=1665489367,https://nolae.eu/products/kep1er-official-light-stick,KEP1ER - OFFICIAL LIGHT STICK,matched
152,P1Harmony - Official Light Stick,https://cdn.shopify.com/s/files/1/0469/3927/5428/products/p1harmony-official-light-stick-345654.jpg?v=1630315109,https://nolae.eu/products/p1harmony-official-light-stick,P1Harmony - Official Light Stick,matched
153,ZEROBASEONE - Official Light Stick,https://cdn.shopify.com/s/files/1/0469/3927/5428/products/zb1-official-lightstick-nolae-474159.jpg?v=1697457717,https://nolae.eu/products/zb1-official-lightstick,ZB1 - OFFICIAL LIGHT STICK,matched
154,BOYNEXTDOOR - Official Light Stick,https://cdn.shopify.com/s/files/1/0469/3927/5428/files/boynextdoor-official-light-stick-nolae-241107.jpg?v=1709030041,https://nolae.eu/products/boynextdoor-official-light-stick,BOYNEXTDOOR - OFFICIAL LIGHT STICK,matched
155,BABYMONSTER - Official Light Stick,https://cdn.shopify.com/s/files/1/0469/3927/5428/files/babymonster-official-light-stick-random-photocard-nolae-482655.webp?v=1732152735,https://nolae.eu/products/babymonster-official-light-stick,BABYMONSTER - OFFICIAL LIGHT STICK,matched
156,KISS OF LIFE - Official Light Stick,https://cdn.shopify.com/s/files/1/0469/3927/5428/files/kiss-of-life-official-light-stick-nolae-250689.webp?v=1720708347,https://nolae.eu/products/kiss-of-life-official-light-stick,KISS OF LIFE - OFFICIAL LIGHT STICK,matched
157,NMIXX - Official Light Stick,https://cdn.shopify.com/s/files/1/0469/3927/5428/products/nmixx-official-light-stick-nolae-329708.webp?v=1701191220,https://nolae.eu/products/nmixx-official-light-stick,NMIXX - OFFICIAL LIGHT STICK,matched
158,NCT - Official Light Stick,https://cdn.shopify.com/s/files/1/0469/3927/5428/products/nct-official-light-stick-783426.jpg?v=1701252335,https://nolae.eu/products/nct-official-light-stick,NCT - OFFICIAL LIGHT STICK,matched
159,NCT WISH - Official Light Stick,https://cdn.shopify.com/s/files/1/0469/3927/5428/files/nct-wish-official-fanlight-nolae-703698.jpg?v=1715077562,https://nolae.eu/products/nct-wish-official-fanlight,NCT WISH - OFFICIAL FANLIGHT,matched
160,CORTIS - Official Light Stick,https://cdn.shopify.com/s/files/1/0469/3927/5428/files/cortis-official-light-stick-nolae-338412.jpg?v=1784040765,https://nolae.eu/products/cortis-official-light-stick,CORTIS - OFFICIAL LIGHT STICK,matched
161,ILLIT - Official Light Stick,https://cdn.shopify.com/s/files/1/0469/3927/5428/files/illit-official-light-stick-nolae-228715.webp?v=1741174268,https://nolae.eu/products/illit-official-light-stick,ILLIT - OFFICIAL LIGHT STICK,matched
162,fromis_9 - Official Light Stick,https://cdn.shopify.com/s/files/1/0469/3927/5428/products/fromis9-official-light-stick-nolae-713559.webp?v=1701255682,https://nolae.eu/products/fromis_9-official-light-stick,Fromis_9 - OFFICIAL LIGHT STICK,matched
163,Xikers - Official Light Stick,https://cdn.shopify.com/s/files/1/0469/3927/5428/files/xikers-official-light-stick-nolae-862456.jpg?v=1713456646,https://nolae.eu/products/xikers-official-light-stick,XIKERS - OFFICIAL LIGHT STICK,matched
164,THE BOYZ - Official Light Stick,https://cdn.shopify.com/s/files/1/0469/3927/5428/files/the-boyz-official-light-stick-nolae-422121.jpg?v=1701283633,https://nolae.eu/products/the-boyz-official-light-stick,THE BOYZ - official light stick,matched
165,ONEUS - Official Light Stick,https://cdn.shopify.com/s/files/1/0469/3927/5428/products/oneus-official-light-stick-pre-order-424043.jpg?v=1616534472,https://nolae.eu/products/oneus-official-light-stick-pre-order,ONEUS - OFFICIAL LIGHT STICK,matched
166,IU - Official Light Stick,https://cdn.shopify.com/s/files/1/0469/3927/5428/products/iu-official-light-stick-ver3-i-ke-nolae-218180.webp?v=1652526789,https://nolae.eu/products/iu-official-light-stick-ver-3-i-ke,IU - OFFICIAL LIGHT STICK VER.3 I-KE,matched
167,ASTRO - Official Light Stick,https://cdn.shopify.com/s/files/1/0469/3927/5428/products/astro-official-light-stick-ver2-440870.jpg?v=1701255409,https://nolae.eu/products/astro-official-light-stick-ver-2,ASTRO - Official Light Stick VER.2,matched
168,WINNER - Official Light Stick,https://cdn.shopify.com/s/files/1/0469/3927/5428/products/winner-official-light-stick-ver2-196860.jpg?v=1616536139,https://nolae.eu/products/winner-official-light-stick-ver-2,WINNER OFFICIAL LIGHT STICK (VER.2),matched
169,Apink - Official Light Stick,https://cdn.shopify.com/s/files/1/0469/3927/5428/products/apink-official-light-stick-ver2-837629.jpg?v=1618924865,https://nolae.eu/products/apink-official-light-stick-ver-2,APINK - OFFICIAL LIGHT STICK VER.2,matched
